FIPS	Name
49037	San Juan County, UT
32031	Washoe County, NV
02290	Yukon-Koyukuk Census Area, AK
27163	Washington County, MN
51041	Chesterfield County, VA
51059	Fairfax County, VA
25027	Worcester County, MA
12105	Polk County, FL
31031	Cherry County, NE
53075	Whitman County, WA
51163	Rockbridge County, VA
02170	Matanuska-Susitna Borough, AK
08059	Jefferson County, CO
51015	Augusta County, VA
33009	Grafton County, NH
51003	Albemarle County, VA
47065	Hamilton County, TN
51019	Bedford County, VA
13107	Emanuel County, GA
12093	Okeechobee County, FL
13121	Fulton County, GA
45073	Oconee County, SC
35037	Quay County, NM
02105	Hoonah-Angoon Census Area, AK
46085	Lyman County, SD
12003	Baker County, FL
72081	Lares Municipio, PR
51069	Frederick County, VA
02164	Lake and Peninsula Borough, AK
41063	Wallowa County, OR
30029	Flathead County, MT
06051	Mono County, CA
27007	Beltrami County, MN
12051	Hendry County, FL
17119	Madison County, IL
12063	Jackson County, FL
51175	Southampton County, VA
51095	James City County, VA
18053	Grant County, IN
16049	Idaho County, ID
72037	Ceiba Municipio, PR
54039	Kanawha County, WV
04001	Apache County, AZ
26071	Iron County, MI
45075	Orangeburg County, SC
17099	LaSalle County, IL
37097	Iredell County, NC
51077	Grayson County, VA
22105	Tangipahoa Parish, LA
51161	Roanoke County, VA
72107	Orocovis Municipio, PR
30063	Missoula County, MT
02122	Kenai Peninsula Borough, AK
42081	Lycoming County, PA
16013	Blaine County, ID
18003	Allen County, IN
12043	Glades County, FL
08109	Saguache County, CO
17149	Pike County, IL
02050	Bethel Census Area, AK
32023	Nye County, NV
42097	Northumberland County, PA
48105	Crockett County, TX
51165	Rockingham County, VA
35025	Lea County, NM
72085	Las Piedras Municipio, PR
42125	Washington County, PA
06093	Siskiyou County, CA
28007	Attala County, MS
21093	Hardin County, KY
05035	Crittenden County, AR
05093	Mississippi County, AR
06071	San Bernardino County, CA
08073	Lincoln County, CO
37125	Moore County, NC
05017	Chicot County, AR
32007	Elko County, NV
72131	San Sebastián Municipio, PR
51179	Stafford County, VA
31041	Custer County, NE
30027	Fergus County, MT
24017	Charles County, MD
06029	Kern County, CA
12023	Columbia County, FL
25005	Bristol County, MA
30015	Chouteau County, MT
27145	Stearns County, MN
27089	Marshall County, MN
01039	Covington County, AL
06019	Fresno County, CA
51143	Pittsylvania County, VA
72129	San Lorenzo Municipio, PR
27119	Polk County, MN
72097	Mayagüez Municipio, PR
13139	Hall County, GA
53041	Lewis County, WA
06061	Placer County, CA
38055	McLean County, ND
27129	Renville County, MN
51131	Northampton County, VA
48047	Brooks County, TX
46023	Charles Mix County, SD
25003	Berkshire County, MA
36101	Steuben County, NY
42123	Warren County, PA
53025	Grant County, WA
06067	Sacramento County, CA
22007	Assumption Parish, LA
06027	Inyo County, CA
24003	Anne Arundel County, MD
35035	Otero County, NM
51053	Dinwiddie County, VA
38053	McKenzie County, ND
24043	Washington County, MD
51107	Loudoun County, VA
51119	Middlesex County, VA
54025	Greenbrier County, WV
26103	Marquette County, MI
48005	Angelina County, TX
30059	Meagher County, MT
36071	Orange County, NY
72119	Río Grande Municipio, PR
24033	Prince George's County, MD
72127	San Juan Municipio, PR
24001	Allegany County, MD
72025	Caguas Municipio, PR
51195	Wise County, VA
42107	Schuylkill County, PA
13299	Ware County, GA
42043	Dauphin County, PA
41065	Wasco County, OR
13267	Tattnall County, GA
51199	York County, VA
54103	Wetzel County, WV
10001	Kent County, DE
30025	Fallon County, MT
45041	Florence County, SC
53039	Klickitat County, WA
54023	Grant County, WV
30087	Rosebud County, MT
01005	Barbour County, AL
01077	Lauderdale County, AL
16043	Fremont County, ID
72035	Cayey Municipio, PR
04015	Mohave County, AZ
18175	Washington County, IN
22013	Bienville Parish, LA
30031	Gallatin County, MT
47035	Cumberland County, TN
38029	Emmons County, ND
36091	Saratoga County, NY
53077	Yakima County, WA
42089	Monroe County, PA
22017	Caddo Parish, LA
01029	Cleburne County, AL
13069	Coffee County, GA
48231	Hunt County, TX
17167	Sangamon County, IL
48387	Red River County, TX
48013	Atascosa County, TX
72019	Barranquitas Municipio, PR
38001	Adams County, ND
48463	Uvalde County, TX
27001	Aitkin County, MN
37155	Robeson County, NC
37171	Surry County, NC
13255	Spalding County, GA
28109	Pearl River County, MS
37193	Wilkes County, NC
32017	Lincoln County, NV
18037	Dubois County, IN
08051	Gunnison County, CO
36025	Delaware County, NY
39037	Darke County, OH
16031	Cassia County, ID
46031	Corson County, SD
56029	Park County, WY
55123	Vernon County, WI
42033	Clearfield County, PA
37161	Rutherford County, NC
54059	Mingo County, WV
47093	Knox County, TN
47145	Roane County, TN
56013	Fremont County, WY
27021	Cass County, MN
42055	Franklin County, PA
48149	Fayette County, TX
72141	Utuado Municipio, PR
39061	Hamilton County, OH
38077	Richland County, ND
40123	Pontotoc County, OK
13045	Carroll County, GA
16039	Elmore County, ID
42017	Bucks County, PA
13033	Burke County, GA
05139	Union County, AR
39151	Stark County, OH
51005	Alleghany County, VA
21195	Pike County, KY
56039	Teton County, WY
48213	Henderson County, TX
21111	Jefferson County, KY
08049	Grand County, CO
01091	Marengo County, AL
41023	Grant County, OR
02195	Petersburg Census Area, AK
41045	Malheur County, OR
13295	Walker County, GA
55031	Douglas County, WI
47071	Hardin County, TN
22009	Avoyelles Parish, LA
35039	Rio Arriba County, NM
55003	Ashland County, WI
29215	Texas County, MO
29069	Dunklin County, MO
35045	San Juan County, NM
72021	Bayamón Municipio, PR
08071	Las Animas County, CO
50007	Chittenden County, VT
46113	Shannon County, SD
31111	Lincoln County, NE
08101	Pueblo County, CO
08075	Logan County, CO
47069	Hardeman County, TN
72043	Coamo Municipio, PR
22069	Natchitoches Parish, LA
18073	Jasper County, IN
20135	Ness County, KS
29157	Perry County, MO
17173	Shelby County, IL
55099	Price County, WI
13261	Sumter County, GA
55115	Shawano County, WI
13163	Jefferson County, GA
37037	Chatham County, NC
37087	Haywood County, NC
23019	Penobscot County, ME
17031	Cook County, IL
13153	Houston County, GA
72039	Ciales Municipio, PR
56009	Converse County, WY
19109	Kossuth County, IA
02261	Valdez-Cordova Census Area, AK
18055	Greene County, IN
18083	Knox County, IN
49043	Summit County, UT
49047	Uintah County, UT
56023	Lincoln County, WY
33011	Hillsborough County, NH
17037	DeKalb County, IL
56037	Sweetwater County, WY
23027	Waldo County, ME
37153	Richmond County, NC
20055	Finney County, KS
08123	Weld County, CO
31141	Platte County, NE
13135	Gwinnett County, GA
17113	McLean County, IL
16017	Bonner County, ID
31089	Holt County, NE
45045	Greenville County, SC
49033	Rich County, UT
23025	Somerset County, ME
56007	Carbon County, WY
04012	La Paz County, AZ
26135	Oscoda County, MI
19043	Clayton County, IA
12069	Lake County, FL
13129	Gordon County, GA
40017	Canadian County, OK
55073	Marathon County, WI
05097	Montgomery County, AR
20015	Butler County, KS
01053	Escambia County, AL
26005	Allegan County, MI
13105	Elbert County, GA
28143	Tunica County, MS
40007	Beaver County, OK
45069	Marlboro County, SC
26123	Newaygo County, MI
31067	Gage County, NE
46013	Brown County, SD
12055	Highlands County, FL
53063	Spokane County, WA
51031	Campbell County, VA
20063	Gove County, KS
40089	McCurtain County, OK
55029	Door County, WI
72029	Canóvanas Municipio, PR
12127	Volusia County, FL
49045	Tooele County, UT
12077	Liberty County, FL
09011	New London County, CT
31023	Butler County, NE
12097	Osceola County, FL
40009	Beckham County, OK
48131	Duval County, TX
55005	Barron County, WI
18047	Franklin County, IN
17183	Vermilion County, IL
12107	Putnam County, FL
13305	Wayne County, GA
54031	Hardy County, WV
48479	Webb County, TX
51075	Goochland County, VA
13175	Laurens County, GA
09001	Fairfield County, CT
40079	Le Flore County, OK
50001	Addison County, VT
31109	Lancaster County, NE
19065	Fayette County, IA
51153	Prince William County, VA
51155	Pulaski County, VA
72011	Añasco Municipio, PR
31107	Knox County, NE
22107	Tensas Parish, LA
53047	Okanogan County, WA
04009	Graham County, AZ
06099	Stanislaus County, CA
35059	Union County, NM
51177	Spotsylvania County, VA
27013	Blue Earth County, MN
31103	Keya Paha County, NE
27063	Jackson County, MN
24019	Dorchester County, MD
12083	Marion County, FL
50027	Windsor County, VT
06013	Contra Costa County, CA
36011	Cayuga County, NY
40139	Texas County, OK
38069	Pierce County, ND
36031	Essex County, NY
51087	Henrico County, VA
12001	Alachua County, FL
51033	Caroline County, VA
31019	Buffalo County, NE
30085	Roosevelt County, MT
53043	Lincoln County, WA
48451	Tom Green County, TX
28101	Newton County, MS
28163	Yazoo County, MS
23011	Kennebec County, ME
51085	Hanover County, VA
51071	Giles County, VA
20201	Washington County, KS
41017	Deschutes County, OR
41035	Klamath County, OR
46067	Hutchinson County, SD
51147	Prince Edward County, VA
37073	Gates County, NC
50003	Bennington County, VT
48201	Harris County, TX
72031	Carolina Municipio, PR
37177	Tyrrell County, NC
38105	Williams County, ND
51650	Hampton city, VA
48255	Karnes County, TX
42079	Luzerne County, PA
48341	Moore County, TX
51149	Prince George County, VA
38063	Nelson County, ND
45049	Hampton County, SC
29189	St. Louis County, MO
53053	Pierce County, WA
32019	Lyon County, NV
37147	Pitt County, NC
02240	Southeast Fairbanks Census Area, AK
26039	Crawford County, MI
13031	Bulloch County, GA
38093	Stutsman County, ND
19155	Pottawattamie County, IA
38017	Cass County, ND
48297	Live Oak County, TX
30033	Garfield County, MT
51700	Newport News city, VA
36023	Cortland County, NY
51001	Accomack County, VA
48125	Dickens County, TX
46099	Minnehaha County, SD
51025	Brunswick County, VA
51083	Halifax County, VA
51057	Essex County, VA
48291	Liberty County, TX
54071	Pendleton County, WV
36027	Dutchess County, NY
48023	Baylor County, TX
38103	Wells County, ND
45029	Colleton County, SC
48269	King County, TX
35051	Sierra County, NM
30111	Yellowstone County, MT
36041	Hamilton County, NY
34003	Bergen County, NJ
22053	Jefferson Davis Parish, LA
41009	Columbia County, OR
72109	Patillas Municipio, PR
12079	Madison County, FL
48371	Pecos County, TX
48065	Carson County, TX
34005	Burlington County, NJ
47151	Scott County, TN
54101	Webster County, WV
48477	Washington County, TX
19041	Clay County, IA
51035	Carroll County, VA
19033	Cerro Gordo County, IA
51061	Fauquier County, VA
42019	Butler County, PA
29183	St. Charles County, MO
48393	Roberts County, TX
22047	Iberville Parish, LA
26097	Mackinac County, MI
13161	Jeff Davis County, GA
48219	Hockley County, TX
51800	Suffolk city, VA
37141	Pender County, NC
37187	Washington County, NC
51191	Washington County, VA
19193	Woodbury County, IA
54043	Lincoln County, WV
19021	Buena Vista County, IA
21125	Laurel County, KY
72153	Yauco Municipio, PR
01023	Choctaw County, AL
42105	Potter County, PA
36043	Herkimer County, NY
48073	Cherokee County, TX
19047	Crawford County, IA
18077	Jefferson County, IN
37033	Caswell County, NC
37131	Northampton County, NC
35006	Cibola County, NM
42071	Lancaster County, PA
72125	San Germán Municipio, PR
48303	Lubbock County, TX
12039	Gadsden County, FL
34027	Morris County, NJ
27099	Mower County, MN
16069	Nez Perce County, ID
27111	Otter Tail County, MN
54083	Randolph County, WV
54055	Mercer County, WV
19069	Franklin County, IA
72063	Gurabo Municipio, PR
41059	Umatilla County, OR
51117	Mecklenburg County, VA
38059	Morton County, ND
53005	Benton County, WA
17159	Richland County, IL
47141	Putnam County, TN
53059	Skamania County, WA
48035	Bosque County, TX
29095	Jackson County, MO
51181	Surry County, VA
01061	Geneva County, AL
13185	Lowndes County, GA
38087	Slope County, ND
37119	Mecklenburg County, NC
08125	Yuma County, CO
35057	Torrance County, NM
48401	Rusk County, TX
48107	Crosby County, TX
24005	Baltimore County, MD
30049	Lewis and Clark County, MT
01127	Walker County, AL
16035	Clearwater County, ID
24031	Montgomery County, MD
13169	Jones County, GA
42127	Wayne County, PA
19035	Cherokee County, IA
17191	Wayne County, IL
22099	St. Martin Parish, LA
36115	Washington County, NY
22077	Pointe Coupee Parish, LA
48181	Grayson County, TX
51167	Russell County, VA
48289	Leon County, TX
13019	Berrien County, GA
39069	Henry County, OH
23017	Oxford County, ME
17163	St. Clair County, IL
51097	King and Queen County, VA
22103	St. Tammany Parish, LA
18109	Morgan County, IN
54035	Jackson County, WV
37057	Davidson County, NC
01119	Sumter County, AL
01123	Tallapoosa County, AL
38089	Stark County, ND
08107	Routt County, CO
16011	Bingham County, ID
19197	Wright County, IA
39141	Ross County, OH
36083	Rensselaer County, NY
47091	Johnson County, TN
13205	Mitchell County, GA
39029	Columbiana County, OH
13027	Brooks County, GA
30043	Jefferson County, MT
48225	Houston County, TX
37101	Johnston County, NC
54033	Harrison County, WV
48027	Bell County, TX
47177	Warren County, TN
18071	Jackson County, IN
36077	Otsego County, NY
24029	Kent County, MD
42133	York County, PA
21193	Perry County, KY
17169	Schuyler County, IL
41025	Harney County, OR
05025	Cleveland County, AR
72093	Maricao Municipio, PR
37183	Wake County, NC
13141	Hancock County, GA
45087	Union County, SC
48251	Johnson County, TX
39167	Washington County, OH
47147	Robertson County, TN
28095	Monroe County, MS
30003	Big Horn County, MT
18049	Fulton County, IN
19023	Butler County, IA
54077	Preston County, WV
45025	Chesterfield County, SC
28155	Webster County, MS
47163	Sullivan County, TN
72001	Adjuntas Municipio, PR
30089	Sanders County, MT
19151	Pocahontas County, IA
18019	Clark County, IN
47111	Macon County, TN
48177	Gonzales County, TX
16079	Shoshone County, ID
35027	Lincoln County, NM
29131	Miller County, MO
39009	Athens County, OH
22051	Jefferson Parish, LA
25021	Norfolk County, MA
39173	Wood County, OH
28153	Wayne County, MS
29071	Franklin County, MO
37083	Halifax County, NC
01079	Lawrence County, AL
28005	Amite County, MS
39087	Lawrence County, OH
29019	Boone County, MO
21051	Clay County, KY
17135	Montgomery County, IL
72101	Morovis Municipio, PR
48343	Morris County, TX
48029	Bexar County, TX
19141	O'Brien County, IA
55043	Grant County, WI
45057	Lancaster County, SC
17137	Morgan County, IL
37157	Rockingham County, NC
37077	Granville County, NC
40069	Johnston County, OK
30001	Beaverhead County, MT
28145	Union County, MS
29213	Taney County, MO
01111	Randolph County, AL
21135	Lewis County, KY
48459	Upshur County, TX
40035	Craig County, OK
47005	Benton County, TN
21109	Jackson County, KY
48241	Jasper County, TX
54107	Wood County, WV
05067	Jackson County, AR
08077	Mesa County, CO
55067	Langlade County, WI
29073	Gasconade County, MO
08085	Montrose County, CO
13077	Coweta County, GA
01095	Marshall County, AL
26075	Jackson County, MI
47165	Sumner County, TN
18065	Henry County, IN
31135	Perkins County, NE
05015	Carroll County, AR
39005	Ashland County, OH
01101	Montgomery County, AL
01113	Russell County, AL
31069	Garden County, NE
45055	Kershaw County, SC
05007	Benton County, AR
21083	Graves County, KY
37113	Macon County, NC
05091	Miller County, AR
27005	Becker County, MN
01021	Chilton County, AL
37185	Warren County, NC
72091	Manatí Municipio, PR
10003	New Castle County, DE
28085	Lincoln County, MS
37067	Forsyth County, NC
08121	Washington County, CO
05115	Pope County, AR
29207	Stoddard County, MO
35049	Santa Fe County, NM
28131	Stone County, MS
48351	Newton County, TX
22095	St. John the Baptist Parish, LA
37163	Sampson County, NC
72143	Vega Alta Municipio, PR
28159	Winston County, MS
01093	Marion County, AL
13279	Toombs County, GA
37085	Harnett County, NC
05129	Searcy County, AR
39097	Madison County, OH
16059	Lemhi County, ID
47125	Montgomery County, TN
13099	Early County, GA
26089	Leelanau County, MI
72041	Cidra Municipio, PR
56027	Niobrara County, WY
26029	Charlevoix County, MI
08005	Arapahoe County, CO
17057	Fulton County, IL
42015	Bradford County, PA
37069	Franklin County, NC
27115	Pine County, MN
24021	Frederick County, MD
29093	Iron County, MO
18075	Jay County, IN
48419	Shelby County, TX
54085	Ritchie County, WV
28093	Marshall County, MS
08043	Fremont County, CO
18173	Warrick County, IN
39159	Union County, OH
17011	Bureau County, IL
47031	Coffee County, TN
17157	Randolph County, IL
28071	Lafayette County, MS
32013	Humboldt County, NV
13321	Worth County, GA
08093	Park County, CO
21099	Hart County, KY
39025	Clermont County, OH
21013	Bell County, KY
48423	Smith County, TX
45059	Laurens County, SC
48499	Wood County, TX
29223	Wayne County, MO
48395	Robertson County, TX
47027	Clay County, TN
45003	Aiken County, SC
28141	Tishomingo County, MS
48137	Edwards County, TX
47025	Claiborne County, TN
16045	Gem County, ID
08001	Adams County, CO
26025	Calhoun County, MI
34015	Gloucester County, NJ
05063	Independence County, AR
47161	Stewart County, TN
39113	Montgomery County, OH
39089	Licking County, OH
42067	Juniata County, PA
31063	Frontier County, NE
37127	Nash County, NC
45091	York County, SC
16073	Owyhee County, ID
37011	Avery County, NC
39137	Putnam County, OH
40013	Bryan County, OK
31161	Sheridan County, NE
29007	Audrain County, MO
29139	Montgomery County, MO
21097	Harrison County, KY
29067	Douglas County, MO
19045	Clinton County, IA
39081	Jefferson County, OH
40083	Logan County, OK
40041	Delaware County, OK
53031	Jefferson County, WA
26057	Gratiot County, MI
21139	Livingston County, KY
22029	Concordia Parish, LA
17195	Whiteside County, IL
72135	Toa Alta Municipio, PR
27173	Yellow Medicine County, MN
40019	Carter County, OK
05045	Faulkner County, AR
13207	Monroe County, GA
51169	Scott County, VA
21145	McCracken County, KY
55053	Jackson County, WI
40015	Caddo County, OK
40143	Tulsa County, OK
20007	Barber County, KS
39161	Van Wert County, OH
17181	Union County, IL
55057	Juneau County, WI
46117	Stanley County, SD
20197	Wabaunsee County, KS
55083	Oconto County, WI
39063	Hancock County, OH
37023	Burke County, NC
49019	Grand County, UT
21175	Morgan County, KY
21199	Pulaski County, KY
12015	Charlotte County, FL
55111	Sauk County, WI
26059	Hillsdale County, MI
08045	Garfield County, CO
48293	Limestone County, TX
28043	Grenada County, MS
05107	Phillips County, AR
72047	Corozal Municipio, PR
29159	Pettis County, MO
51017	Bath County, VA
46103	Pennington County, SD
20081	Haskell County, KS
39077	Huron County, OH
47187	Williamson County, TN
20141	Osborne County, KS
22079	Rapides Parish, LA
16019	Bonneville County, ID
45071	Newberry County, SC
20089	Jewell County, KS
05145	White County, AR
18051	Gibson County, IN
13221	Oglethorpe County, GA
17051	Fayette County, IL
31033	Cheyenne County, NE
21101	Henderson County, KY
56021	Laramie County, WY
08009	Baca County, CO
47103	Lincoln County, TN
48053	Burnet County, TX
55041	Forest County, WI
31179	Wayne County, NE
48143	Erath County, TX
49015	Emery County, UT
08041	El Paso County, CO
21183	Ohio County, KY
01049	DeKalb County, AL
48139	Ellis County, TX
08063	Kit Carson County, CO
13193	Macon County, GA
05149	Yell County, AR
54099	Wayne County, WV
08061	Kiowa County, CO
13259	Stewart County, GA
13293	Upson County, GA
42129	Westmoreland County, PA
20005	Atchison County, KS
35043	Sandoval County, NM
55113	Sawyer County, WI
20121	Miami County, KS
21005	Anderson County, KY
13319	Wilkinson County, GA
47189	Wilson County, TN
05087	Madison County, AR
18137	Ripley County, IN
17091	Kankakee County, IL
40125	Pottawatomie County, OK
19177	Van Buren County, IA
39083	Knox County, OH
27037	Dakota County, MN
51125	Nelson County, VA
22083	Richland Parish, LA
42061	Huntingdon County, PA
55117	Sheboygan County, WI
18023	Clinton County, IN
46071	Jackson County, SD
29041	Chariton County, MO
01019	Cherokee County, AL
42051	Fayette County, PA
08053	Hinsdale County, CO
47073	Hawkins County, TN
28029	Copiah County, MS
55009	Brown County, WI
44003	Kent County, RI
29143	New Madrid County, MO
05113	Polk County, AR
29149	Oregon County, MO
20091	Johnson County, KS
21045	Casey County, KY
18157	Tippecanoe County, IN
20093	Kearny County, KS
01107	Pickens County, AL
40121	Pittsburg County, OK
20113	McPherson County, KS
44007	Providence County, RI
13015	Bartow County, GA
47017	Carroll County, TN
13263	Talbot County, GA
40093	Major County, OK
29185	St. Clair County, MO
72007	Aguas Buenas Municipio, PR
31065	Furnas County, NE
30075	Powder River County, MT
36037	Genesee County, NY
26051	Gladwin County, MI
13079	Crawford County, GA
40113	Osage County, OK
21047	Christian County, KY
20035	Cowley County, KS
28127	Simpson County, MS
46109	Roberts County, SD
27095	Mille Lacs County, MN
29029	Camden County, MO
46041	Dewey County, SD
18113	Noble County, IN
18149	Starke County, IN
39065	Hardin County, OH
13199	Meriwether County, GA
33003	Carroll County, NH
22021	Caldwell Parish, LA
26073	Isabella County, MI
13219	Oconee County, GA
21015	Boone County, KY
26119	Montmorency County, MI
46055	Haakon County, SD
13197	Marion County, GA
49003	Box Elder County, UT
17115	Macon County, IL
40107	Okfuskee County, OK
46077	Kingsbury County, SD
21017	Bourbon County, KY
40047	Garfield County, OK
13195	Madison County, GA
39013	Belmont County, OH
20037	Crawford County, KS
21177	Muhlenberg County, KY
18039	Elkhart County, IN
47051	Franklin County, TN
13057	Cherokee County, GA
08007	Archuleta County, CO
29217	Vernon County, MO
21151	Madison County, KY
48249	Jim Wells County, TX
29109	Lawrence County, MO
13085	Dawson County, GA
29133	Mississippi County, MO
26143	Roscommon County, MI
20191	Sumner County, KS
56045	Weston County, WY
20059	Franklin County, KS
49049	Utah County, UT
12131	Walton County, FL
17193	White County, IL
31137	Phelps County, NE
48327	Menard County, TX
21081	Grant County, KY
13269	Taylor County, GA
37123	Montgomery County, NC
22067	Morehouse Parish, LA
17161	Rock Island County, IL
37039	Cherokee County, NC
21127	Lawrence County, KY
13157	Jackson County, GA
35041	Roosevelt County, NM
21179	Nelson County, KY
27025	Chisago County, MN
28049	Hinds County, MS
40075	Kiowa County, OK
47057	Grainger County, TN
53057	Skagit County, WA
20187	Stanton County, KS
37167	Stanly County, NC
72075	Juana Díaz Municipio, PR
20133	Neosho County, KS
21205	Rowan County, KY
19051	Davis County, IA
47045	Dyer County, TN
47149	Rutherford County, TN
48383	Reagan County, TX
26117	Montcalm County, MI
17131	Mercer County, IL
26137	Otsego County, MI
31173	Thurston County, NE
21209	Scott County, KY
17107	Logan County, IL
48049	Brown County, TX
29081	Harrison County, MO
20045	Douglas County, KS
31151	Saline County, NE
46069	Hyde County, SD
20115	Marion County, KS
33013	Merrimack County, NH
48237	Jack County, TX
26129	Ogemaw County, MI
46039	Deuel County, SD
46111	Sanborn County, SD
48133	Eastland County, TX
28075	Lauderdale County, MS
31181	Webster County, NE
20031	Coffey County, KS
55027	Dodge County, WI
48483	Wheeler County, TX
41019	Douglas County, OR
26149	St. Joseph County, MI
01125	Tuscaloosa County, AL
48031	Blanco County, TX
51121	Montgomery County, VA
26165	Wexford County, MI
20125	Montgomery County, KS
26077	Kalamazoo County, MI
26035	Clare County, MI
46037	Day County, SD
55001	Adams County, WI
55035	Eau Claire County, WI
18097	Marion County, IN
55033	Dunn County, WI
13315	Wilcox County, GA
28149	Warren County, MS
48353	Nolan County, TX
45007	Anderson County, SC
51009	Amherst County, VA
26021	Berrien County, MI
47113	Madison County, TN
39017	Butler County, OH
29121	Macon County, MO
29147	Nodaway County, MO
19039	Clarke County, IA
19103	Johnson County, IA
55025	Dane County, WI
13111	Fannin County, GA
17045	Edgar County, IL
48363	Palo Pinto County, TX
36051	Livingston County, NY
17067	Hancock County, IL
20073	Greenwood County, KS
55021	Columbia County, WI
26101	Manistee County, MI
12027	DeSoto County, FL
20153	Rawlins County, KS
19095	Iowa County, IA
48413	Schleicher County, TX
05001	Arkansas County, AR
18007	Benton County, IN
27169	Winona County, MN
19115	Louisa County, IA
17023	Clark County, IL
48469	Victoria County, TX
17141	Ogle County, IL
51029	Buckingham County, VA
31131	Otoe County, NE
19117	Lucas County, IA
38005	Benson County, ND
19053	Decatur County, IA
48215	Hidalgo County, TX
20155	Reno County, KS
26055	Grand Traverse County, MI
20001	Allen County, KS
51109	Louisa County, VA
51137	Orange County, VA
28061	Jasper County, MS
26081	Kent County, MI
12095	Orange County, FL
48411	San Saba County, TX
04019	Pima County, AZ
26113	Missaukee County, MI
27015	Brown County, MN
50005	Caledonia County, VT
48079	Cochran County, TX
26079	Kalkaska County, MI
48267	Kimble County, TX
46011	Brookings County, SD
51089	Henry County, VA
55127	Walworth County, WI
40045	Ellis County, OK
19185	Wayne County, IA
32033	White Pine County, NV
19135	Monroe County, IA
06085	Santa Clara County, CA
28129	Smith County, MS
17111	McHenry County, IL
19179	Wapello County, IA
48151	Fisher County, TX
48317	Martin County, TX
27131	Rice County, MN
27053	Hennepin County, MN
55133	Waukesha County, WI
19007	Appanoose County, IA
26125	Oakland County, MI
36119	Westchester County, NY
19173	Taylor County, IA
19171	Tama County, IA
18107	Montgomery County, IN
51011	Appomattox County, VA
51063	Floyd County, VA
48421	Sherman County, TX
40135	Sequoyah County, OK
29001	Adair County, MO
19037	Chickasaw County, IA
36069	Ontario County, NY
06033	Lake County, CA
19157	Poweshiek County, IA
48129	Donley County, TX
09003	Hartford County, CT
48391	Refugio County, TX
13179	Liberty County, GA
28135	Tallahatchie County, MS
36103	Suffolk County, NY
30073	Pondera County, MT
12119	Sumter County, FL
25013	Hampden County, MA
06001	Alameda County, CA
13137	Habersham County, GA
31059	Fillmore County, NE
06045	Mendocino County, CA
51067	Franklin County, VA
48409	San Patricio County, TX
36099	Seneca County, NY
31053	Dodge County, NE
48253	Jones County, TX
46127	Union County, SD
19175	Union County, IA
20107	Linn County, KS
28089	Madison County, MS
51081	Greensville County, VA
20003	Anderson County, KS
19019	Buchanan County, IA
51133	Northumberland County, VA
17165	Saline County, IL
19159	Ringgold County, IA
19099	Jasper County, IA
26085	Lake County, MI
48381	Randall County, TX
48447	Throckmorton County, TX
27141	Sherburne County, MN
27049	Goodhue County, MN
06095	Solano County, CA
39055	Geauga County, OH
12021	Collier County, FL
53035	Kitsap County, WA
54075	Pocahontas County, WV
06097	Sonoma County, CA
19011	Benton County, IA
33019	Sullivan County, NH
24037	St. Mary's County, MD
27033	Cottonwood County, MN
06115	Yuba County, CA
19029	Cass County, IA
48481	Wharton County, TX
48101	Cottle County, TX
27117	Pipestone County, MN
36001	Albany County, NY
06047	Merced County, CA
48207	Haskell County, TX
19153	Polk County, IA
19145	Page County, IA
19121	Madison County, IA
13103	Effingham County, GA
19113	Linn County, IA
38061	Mountrail County, ND
06103	Tehama County, CA
48087	Collingsworth County, TX
06007	Butte County, CA
41047	Marion County, OR
04013	Maricopa County, AZ
48487	Wilbarger County, TX
48445	Terry County, TX
31185	York County, NE
48009	Archer County, TX
38039	Griggs County, ND
38099	Walsh County, ND
42083	McKean County, PA
36009	Cattaraugus County, NY
19013	Black Hawk County, IA
48179	Gray County, TX
51047	Culpeper County, VA
38035	Grand Forks County, ND
27091	Martin County, MN
72151	Yabucoa Municipio, PR
12041	Gilchrist County, FL
19119	Lyon County, IA
51550	Chesapeake city, VA
24009	Calvert County, MD
13025	Brantley County, GA
48189	Hale County, TX
51037	Charlotte County, VA
26093	Livingston County, MI
41005	Clackamas County, OR
38049	McHenry County, ND
34017	Hudson County, NJ
41053	Polk County, OR
48335	Mitchell County, TX
06113	Yolo County, CA
06089	Shasta County, CA
36003	Allegany County, NY
19003	Adams County, IA
48117	Deaf Smith County, TX
48263	Kent County, TX
48473	Waller County, TX
19049	Dallas County, IA
19191	Winneshiek County, IA
51049	Cumberland County, VA
48033	Borden County, TX
19137	Montgomery County, IA
48345	Motley County, TX
26133	Osceola County, MI
51045	Craig County, VA
48015	Austin County, TX
19083	Hardin County, IA
51007	Amelia County, VA
16051	Jefferson County, ID
38091	Steele County, ND
12047	Hamilton County, FL
48243	Jeff Davis County, TX
38003	Barnes County, ND
06077	San Joaquin County, CA
41067	Washington County, OR
53007	Chelan County, WA
26161	Washtenaw County, MI
48305	Lynn County, TX
37117	Martin County, NC
39105	Meigs County, OH
06063	Plumas County, CA
19167	Sioux County, IA
48279	Lamb County, TX
36109	Tompkins County, NY
20041	Dickinson County, KS
25011	Franklin County, MA
48169	Garza County, TX
36081	Queens County, NY
45051	Horry County, SC
30083	Richland County, MT
02275	Wrangell City and Borough, AK
42101	Philadelphia County, PA
32005	Douglas County, NV
72099	Moca Municipio, PR
39035	Cuyahoga County, OH
47013	Campbell County, TN
22125	West Feliciana Parish, LA
48119	Delta County, TX
09005	Litchfield County, CT
51139	Page County, VA
51021	Bland County, VA
19143	Osceola County, IA
34037	Sussex County, NJ
12073	Leon County, FL
51193	Westmoreland County, VA
30109	Wibaux County, MT
02198	Prince of Wales-Hyder Census Area, AK
48011	Armstrong County, TX
18169	Wabash County, IN
37015	Bertie County, NC
06109	Tuolumne County, CA
01025	Clarke County, AL
51043	Clarke County, VA
41039	Lane County, OR
42039	Crawford County, PA
01003	Baldwin County, AL
21227	Warren County, KY
41051	Multnomah County, OR
13251	Screven County, GA
22045	Iberia Parish, LA
06003	Alpine County, CA
35053	Socorro County, NM
30055	McCone County, MT
06101	Sutter County, CA
37095	Hyde County, NC
26087	Lapeer County, MI
19187	Webster County, IA
41057	Tillamook County, OR
47001	Anderson County, TN
01131	Wilcox County, AL
39053	Gallia County, OH
02100	Haines Borough, AK
12065	Jefferson County, FL
42047	Elk County, PA
36075	Oswego County, NY
42121	Venango County, PA
30037	Golden Valley County, MT
24039	Somerset County, MD
53033	King County, WA
51093	Isle of Wight County, VA
53013	Columbia County, WA
51036	Charles City County, VA
45005	Allendale County, SC
41031	Jefferson County, OR
41043	Linn County, OR
34021	Mercer County, NJ
37029	Camden County, NC
48185	Grimes County, TX
10005	Sussex County, DE
48389	Reeves County, TX
48339	Montgomery County, TX
26157	Tuscola County, MI
54027	Hampshire County, WV
48153	Floyd County, TX
19077	Guthrie County, IA
30079	Prairie County, MT
53037	Kittitas County, WA
22033	East Baton Rouge Parish, LA
01099	Monroe County, AL
29107	Lafayette County, MO
21103	Henry County, KY
01013	Butler County, AL
28157	Wilkinson County, MS
48199	Hardin County, TX
39171	Williams County, OH
54109	Wyoming County, WV
42005	Armstrong County, PA
42029	Chester County, PA
72077	Juncos Municipio, PR
01041	Crenshaw County, AL
39133	Portage County, OH
39071	Highland County, OH
48433	Stonewall County, TX
72083	Las Marías Municipio, PR
42007	Beaver County, PA
19027	Carroll County, IA
34031	Passaic County, NJ
01109	Pike County, AL
37049	Craven County, NC
39015	Brown County, OH
19067	Floyd County, IA
21235	Whitley County, KY
37013	Beaufort County, NC
48283	La Salle County, TX
28017	Chickasaw County, MS
38025	Dunn County, ND
39153	Summit County, OH
29035	Carter County, MO
36021	Columbia County, NY
13243	Randolph County, GA
21147	McCreary County, KY
34025	Monmouth County, NJ
04011	Greenlee County, AZ
06049	Modoc County, CA
04007	Gila County, AZ
13309	Wheeler County, GA
47049	Fentress County, TN
38015	Burleigh County, ND
41069	Wheeler County, OR
13001	Appling County, GA
26049	Genesee County, MI
51173	Smyth County, VA
51141	Patrick County, VA
13065	Clinch County, GA
22097	St. Landry Parish, LA
19001	Adair County, IA
42037	Columbia County, PA
19161	Sac County, IA
51027	Buchanan County, VA
18179	Wells County, IN
26091	Lenawee County, MI
48475	Ward County, TX
42115	Susquehanna County, PA
48239	Jackson County, TX
39155	Trumbull County, OH
48285	Lavaca County, TX
18017	Cass County, IN
54089	Summers County, WV
19081	Hancock County, IA
51187	Warren County, VA
23001	Androscoggin County, ME
32001	Churchill County, NV
51127	New Kent County, VA
45015	Berkeley County, SC
32015	Lander County, NV
38073	Ransom County, ND
48203	Harrison County, TX
42011	Berks County, PA
29169	Pulaski County, MO
37195	Wilson County, NC
27107	Norman County, MN
26131	Ontonagon County, MI
48085	Collin County, TX
13277	Tift County, GA
01009	Blount County, AL
21141	Logan County, KY
39079	Jackson County, OH
37191	Wayne County, NC
31117	McPherson County, NE
24023	Garrett County, MD
53021	Franklin County, WA
41049	Morrow County, OR
37107	Lenoir County, NC
17025	Clay County, IL
30009	Carbon County, MT
27137	St. Louis County, MN
36039	Greene County, NY
30017	Custer County, MT
38043	Kidder County, ND
28111	Perry County, MS
47009	Blount County, TN
48041	Brazos County, TX
29053	Cooper County, MO
36085	Richmond County, NY
48373	Polk County, TX
39057	Greene County, OH
42065	Jefferson County, PA
21009	Barren County, KY
48163	Frio County, TX
21041	Carroll County, KY
36015	Chemung County, NY
29151	Osage County, MO
13217	Newton County, GA
30011	Carter County, MT
48361	Orange County, TX
17027	Clinton County, IL
17017	Cass County, IL
51185	Tazewell County, VA
54095	Tyler County, WV
54017	Doddridge County, WV
13313	Whitfield County, GA
38045	LaMoure County, ND
36057	Montgomery County, NY
47181	Wayne County, TN
45063	Lexington County, SC
20021	Cherokee County, KS
54067	Nicholas County, WV
13061	Clay County, GA
01059	Franklin County, AL
01129	Washington County, AL
42091	Montgomery County, PA
28057	Itawamba County, MS
27153	Todd County, MN
47019	Carter County, TN
36007	Broome County, NY
36107	Tioga County, NY
37061	Duplin County, NC
36053	Madison County, NY
35015	Eddy County, NM
30067	Park County, MT
27029	Clearwater County, MN
21211	Shelby County, KY
54041	Lewis County, WV
05141	Van Buren County, AR
36095	Schoharie County, NY
05103	Ouachita County, AR
13095	Dougherty County, GA
34039	Union County, NJ
55129	Washburn County, WI
36111	Ulster County, NY
46019	Butte County, SD
47137	Pickett County, TN
39129	Pickaway County, OH
39095	Lucas County, OH
22057	Lafourche Parish, LA
18139	Rush County, IN
39001	Adams County, OH
39039	Defiance County, OH
26155	Shiawassee County, MI
28013	Calhoun County, MS
30077	Powell County, MT
47055	Giles County, TN
42035	Clinton County, PA
13189	McDuffie County, GA
01073	Jefferson County, AL
21161	Mason County, KY
48147	Fannin County, TX
28035	Forrest County, MS
01007	Bibb County, AL
48325	Medina County, TX
46063	Harding County, SD
13223	Paulding County, GA
18005	Bartholomew County, IN
38083	Sheridan County, ND
22027	Claiborne Parish, LA
05137	Stone County, AR
48491	Williamson County, TX
16023	Butte County, ID
13071	Colquitt County, GA
04005	Coconino County, AZ
29043	Christian County, MO
29161	Phelps County, MO
17123	Marshall County, IL
29195	Saline County, MO
13037	Calhoun County, GA
01043	Cullman County, AL
08083	Montezuma County, CO
21197	Powell County, KY
18079	Jennings County, IN
01069	Houston County, AL
17079	Jasper County, IL
29203	Shannon County, MO
30023	Deer Lodge County, MT
17019	Champaign County, IL
27041	Douglas County, MN
08037	Eagle County, CO
29177	Ray County, MO
45033	Dillon County, SC
13007	Baker County, GA
48313	Madison County, TX
46137	Ziebach County, SD
39145	Scioto County, OH
38021	Dickey County, ND
72121	Sabana Grande Municipio, PR
69110	Saipan Municipality, MP
54007	Braxton County, WV
19147	Palo Alto County, IA
13035	Butts County, GA
37169	Stokes County, NC
30081	Ravalli County, MT
22005	Ascension Parish, LA
40039	Custer County, OK
21237	Wolfe County, KY
26153	Schoolcraft County, MI
39163	Vinton County, OH
18177	Wayne County, IN
27097	Morrison County, MN
29175	Randolph County, MO
21003	Allen County, KY
05069	Jefferson County, AR
18181	White County, IN
01047	Dallas County, AL
13283	Treutlen County, GA
48309	McLennan County, TX
17197	Will County, IL
26017	Bay County, MI
18095	Madison County, IN
13159	Jasper County, GA
48507	Zavala County, TX
48471	Walker County, TX
37111	McDowell County, NC
48019	Bandera County, TX
35003	Catron County, NM
28117	Prentiss County, MS
47079	Henry County, TN
17105	Livingston County, IL
22031	De Soto Parish, LA
13087	Decatur County, GA
18057	Hamilton County, IN
22085	Sabine Parish, LA
47039	Decatur County, TN
22117	Washington Parish, LA
21165	Menifee County, KY
54001	Barbour County, WV
28003	Alcorn County, MS
42077	Lehigh County, PA
05101	Newton County, AR
28081	Lee County, MS
01115	St. Clair County, AL
13115	Floyd County, GA
54081	Raleigh County, WV
05121	Randolph County, AR
48187	Guadalupe County, TX
56043	Washakie County, WY
26145	Saginaw County, MI
28105	Oktibbeha County, MS
17125	Mason County, IL
31057	Dundy County, NE
31183	Wheeler County, NE
01045	Dale County, AL
16003	Adams County, ID
26031	Cheboygan County, MI
08023	Costilla County, CO
54011	Cabell County, WV
47159	Smith County, TN
48281	Lampasas County, TX
45085	Sumter County, SC
26045	Eaton County, MI
20097	Kiowa County, KS
31101	Keith County, NE
29099	Jefferson County, MO
39073	Hocking County, OH
48217	Hill County, TX
22037	East Feliciana Parish, LA
01087	Macon County, AL
18105	Monroe County, IN
48193	Hamilton County, TX
01117	Shelby County, AL
08013	Boulder County, CO
39027	Clinton County, OH
17153	Pulaski County, IL
17117	Macoupin County, IL
13275	Thomas County, GA
55125	Vilas County, WI
39101	Marion County, OH
22015	Bossier Parish, LA
39099	Mahoning County, OH
39047	Fayette County, OH
22127	Winn Parish, LA
56001	Albany County, WY
31085	Hayes County, NE
48113	Dallas County, TX
18093	Lawrence County, IN
17073	Henry County, IL
13285	Troup County, GA
37089	Henderson County, NC
20139	Osage County, KS
37001	Alamance County, NC
37047	Columbus County, NC
21129	Lee County, KY
40145	Wagoner County, OK
01121	Talladega County, AL
31077	Greeley County, NE
47081	Hickman County, TN
17095	Knox County, IL
55139	Winnebago County, WI
05075	Lawrence County, AR
28087	Lowndes County, MS
42085	Mercer County, PA
08021	Conejos County, CO
37081	Guilford County, NC
01085	Lowndes County, AL
39021	Champaign County, OH
78020	St. John Island, VI
16083	Twin Falls County, ID
31007	Banner County, NE
13273	Terrell County, GA
18155	Switzerland County, IN
18145	Shelby County, IN
28103	Noxubee County, MS
17061	Greene County, IL
48259	Kendall County, TX
46093	Meade County, SD
17185	Wabash County, IL
21171	Monroe County, KY
47107	McMinn County, TN
60010	Eastern District, AS
39111	Monroe County, OH
15009	Maui County, HI
28077	Lawrence County, MS
34041	Warren County, NJ
55017	Chippewa County, WI
13317	Wilkes County, GA
37109	Lincoln County, NC
18059	Hancock County, IN
42027	Centre County, PA
45079	Richland County, SC
37151	Randolph County, NC
47037	Davidson County, TN
20161	Riley County, KS
05031	Craighead County, AR
17013	Calhoun County, IL
48121	Denton County, TX
48265	Kerr County, TX
35005	Chaves County, NM
37007	Anson County, NC
29167	Polk County, MO
47123	Monroe County, TN
29091	Howell County, MO
54013	Calhoun County, WV
39011	Auglaize County, OH
21067	Fayette County, KY
18025	Crawford County, IN
16029	Caribou County, ID
27051	Grant County, MN
18151	Steuben County, IN
39127	Perry County, OH
18123	Perry County, IN
45037	Edgefield County, SC
37179	Union County, NC
56015	Goshen County, WY
48037	Bowie County, TX
17143	Peoria County, IL
41001	Baker County, OR
21173	Montgomery County, KY
39107	Mercer County, OH
20099	Labette County, KS
01037	Coosa County, AL
15003	Honolulu County, HI
60030	Rose Island, AS
15001	Hawaii County, HI
78010	St. Croix Island, VI
60040	Swains Island, AS
69085	Northern Islands Municipality, MP
15007	Kauai County, HI
31003	Antelope County, NE
60020	Manu'a District, AS
66010	Guam, GU
69100	Rota Municipality, MP
22115	Vernon Parish, LA
28091	Marion County, MS
05081	Little River County, AR
24027	Howard County, MD
37175	Transylvania County, NC
29187	St. Francois County, MO
21239	Woodford County, KY
47043	Dickson County, TN
26127	Oceana County, MI
34001	Atlantic County, NJ
27027	Clay County, MN
29225	Webster County, MO
08069	Larimer County, CO
47047	Fayette County, TN
47041	DeKalb County, TN
39157	Tuscarawas County, OH
55063	La Crosse County, WI
29033	Carroll County, MO
18033	DeKalb County, IN
27155	Traverse County, MN
21073	Franklin County, KY
20009	Barton County, KS
28031	Covington County, MS
20047	Edwards County, KS
13303	Washington County, GA
40031	Comanche County, OK
16085	Valley County, ID
45047	Greenwood County, SC
21119	Knott County, KY
29165	Platte County, MO
37173	Swain County, NC
26037	Clinton County, MI
15005	Kalawao County, HI
55107	Rusk County, WI
48453	Travis County, TX
60050	Western District, AS
31123	Morrill County, NE
49025	Kane County, UT
05005	Baxter County, AR
20083	Hodgeman County, KS
13091	Dodge County, GA
20103	Leavenworth County, KS
20025	Clark County, KS
26015	Barry County, MI
47135	Perry County, TN
20147	Phillips County, KS
47155	Sevier County, TN
31011	Boone County, NE
54051	Marshall County, WV
37045	Cleveland County, NC
16037	Custer County, ID
13271	Telfair County, GA
13301	Warren County, GA
17003	Alexander County, IL
21025	Breathitt County, KY
19061	Dubuque County, IA
17093	Kendall County, IL
05049	Fulton County, AR
51105	Lee County, VA
38051	McIntosh County, ND
39049	Franklin County, OH
22039	Evangeline Parish, LA
17081	Jefferson County, IL
78030	St. Thomas Island, VI
49001	Beaver County, UT
29023	Butler County, MO
46105	Perkins County, SD
17077	Jackson County, IL
35047	San Miguel County, NM
39121	Noble County, OH
21203	Rockcastle County, KY
48331	Milam County, TX
29117	Livingston County, MO
05135	Sharp County, AR
05099	Nevada County, AR
17033	Crawford County, IL
13151	Henry County, GA
28067	Jones County, MS
18085	Kosciusko County, IN
55015	Calumet County, WI
21149	McLean County, KY
38081	Sargent County, ND
08099	Prowers County, CO
55093	Pierce County, WI
40129	Roger Mills County, OK
47011	Bradley County, TN
31009	Blaine County, NE
29031	Cape Girardeau County, MO
20177	Shawnee County, KS
37099	Jackson County, NC
29009	Barry County, MO
18035	Delaware County, IN
21043	Carter County, KY
48055	Caldwell County, TX
29059	Dallas County, MO
20043	Doniphan County, KS
29065	Dent County, MO
45001	Abbeville County, SC
56003	Big Horn County, WY
54061	Monongalia County, WV
27139	Scott County, MN
13237	Putnam County, GA
21157	Marshall County, KY
01051	Elmore County, AL
05057	Hempstead County, AR
19087	Henry County, IA
47183	Weakley County, TN
08015	Chaffee County, CO
05059	Hot Spring County, AR
05109	Pike County, AR
46129	Walworth County, SD
13133	Greene County, GA
13253	Seminole County, GA
08081	Moffat County, CO
21123	Larue County, KY
06065	Riverside County, CA
47131	Obion County, TN
47115	Marion County, TN
45039	Fairfield County, SC
05027	Columbia County, AR
37027	Caldwell County, NC
13233	Polk County, GA
45065	McCormick County, SC
21001	Adair County, KY
26041	Delta County, MI
17189	Washington County, IL
31139	Pierce County, NE
05147	Woodruff County, AR
55049	Iowa County, WI
21221	Trigg County, KY
55119	Taylor County, WI
26009	Antrim County, MI
31165	Sioux County, NE
05119	Pulaski County, AR
48159	Franklin County, TX
17053	Ford County, IL
08097	Pitkin County, CO
21231	Wayne County, KY
27073	Lac qui Parle County, MN
35033	Mora County, NM
17041	Douglas County, IL
39149	Shelby County, OH
42119	Union County, PA
05043	Drew County, AR
29037	Cass County, MO
31115	Loup County, NE
26111	Midland County, MI
49035	Salt Lake County, UT
21095	Harlan County, KY
17059	Gallatin County, IL
40061	Haskell County, OK
18133	Putnam County, IN
49013	Duchesne County, UT
31167	Stanton County, NE
20167	Russell County, KS
13297	Walton County, GA
28055	Issaquena County, MS
42021	Cambria County, PA
55019	Clark County, WI
41033	Josephine County, OR
05085	Lonoke County, AR
29105	Laclede County, MO
72113	Ponce Municipio, PR
21181	Nicholas County, KY
21027	Breckinridge County, KY
45083	Spartanburg County, SC
20145	Pawnee County, KS
13167	Johnson County, GA
31061	Franklin County, NE
48135	Ector County, TX
05073	Lafayette County, AR
05039	Dallas County, AR
18087	LaGrange County, IN
01083	Limestone County, AL
17121	Marion County, IL
08111	San Juan County, CO
49041	Sevier County, UT
13245	Richmond County, GA
20039	Decatur County, KS
20185	Stafford County, KS
28121	Rankin County, MS
08055	Huerfano County, CO
05061	Howard County, AR
29079	Grundy County, MO
28151	Washington County, MS
39165	Warren County, OH
05033	Crawford County, AR
39033	Crawford County, OH
13211	Morgan County, GA
20111	Lyon County, KS
69120	Tinian Municipality, MP
40003	Alfalfa County, OK
46087	McCook County, SD
20065	Graham County, KS
01055	Etowah County, AL
20057	Ford County, KS
29145	Newton County, MO
37021	Buncombe County, NC
40111	Okmulgee County, OK
20203	Wichita County, KS
21207	Russell County, KY
20131	Nemaha County, KS
40103	Noble County, OK
47029	Cocke County, TN
29077	Greene County, MO
47119	Maury County, TN
13241	Rabun County, GA
20149	Pottawatomie County, KS
45027	Clarendon County, SC
19111	Lee County, IA
48287	Lee County, TX
17015	Carroll County, IL
47153	Sequatchie County, TN
39075	Holmes County, OH
21021	Boyle County, KY
21031	Butler County, KY
18067	Howard County, IN
21191	Pendleton County, KY
31047	Dawson County, NE
26067	Ionia County, MI
39059	Guernsey County, OH
53055	San Juan County, WA
22025	Catahoula Parish, LA
37051	Cumberland County, NC
17147	Piatt County, IL
40021	Cherokee County, OK
48417	Shackelford County, TX
55013	Burnett County, WI
47117	Marshall County, TN
55141	Wood County, WI
29111	Lewis County, MO
48257	Kaufman County, TX
35007	Colfax County, NM
18031	Decatur County, IN
25017	Middlesex County, MA
05041	Desha County, AR
40087	McClain County, OK
29021	Buchanan County, MO
18089	Lake County, IN
40137	Stephens County, OK
40081	Lincoln County, OK
21011	Bath County, KY
05105	Perry County, AR
22073	Ouachita Parish, LA
19101	Jefferson County, IA
05019	Clark County, AR
21169	Metcalfe County, KY
48467	Van Zandt County, TX
40109	Oklahoma County, OK
46003	Aurora County, SD
23031	York County, ME
48095	Concho County, TX
55135	Waupaca County, WI
20151	Pratt County, KS
20163	Rooks County, KS
42009	Bedford County, PA
47053	Gibson County, TN
39147	Seneca County, OH
21085	Grayson County, KY
37159	Rowan County, NC
46089	McPherson County, SD
31039	Cuming County, NE
13287	Turner County, GA
40049	Garvin County, OK
47171	Unicoi County, TN
50023	Washington County, VT
18131	Pulaski County, IN
21079	Garrard County, KY
40037	Creek County, OK
40065	Jackson County, OK
26105	Mason County, MI
05131	Sebastian County, AR
16071	Oneida County, ID
37115	Madison County, NC
39041	Delaware County, OH
05083	Logan County, AR
20029	Cloud County, KS
17085	Jo Daviess County, IL
20053	Ellsworth County, KS
29057	Dade County, MO
18061	Harrison County, IN
21033	Caldwell County, KY
31119	Madison County, NE
21059	Daviess County, KY
17055	Franklin County, IL
05053	Grant County, AR
42111	Somerset County, PA
13289	Twiggs County, GA
72009	Aibonito Municipio, PR
40043	Dewey County, OK
40147	Washington County, OK
29055	Crawford County, MO
46079	Lake County, SD
31081	Hamilton County, NE
17001	Adams County, IL
20067	Grant County, KS
40063	Hughes County, OK
46095	Mellette County, SD
27011	Big Stone County, MN
40091	McIntosh County, OK
19129	Mills County, IA
13023	Bleckley County, GA
48173	Glasscock County, TX
20183	Smith County, KS
47059	Greene County, TN
31093	Howard County, NE
13291	Union County, GA
48083	Coleman County, TX
29141	Morgan County, MO
20119	Meade County, KS
21155	Marion County, KY
01071	Jackson County, AL
18165	Vermillion County, IN
20117	Marshall County, KS
17151	Pope County, IL
31133	Pawnee County, NE
01081	Lee County, AL
29153	Ozark County, MO
48171	Gillespie County, TX
33017	Strafford County, NH
27079	Le Sueur County, MN
39119	Muskingum County, OH
22059	La Salle Parish, LA
28027	Coahoma County, MS
55089	Ozaukee County, WI
48461	Upton County, TX
20071	Greeley County, KS
47139	Polk County, TN
28069	Kemper County, MS
21057	Cumberland County, KY
47157	Shelby County, TN
47075	Haywood County, TN
20085	Jackson County, KS
56005	Campbell County, WY
21187	Owen County, KY
40001	Adair County, OK
18099	Marshall County, IN
40011	Blaine County, OK
21233	Webster County, KY
13081	Crisp County, GA
18021	Clay County, IN
40059	Harper County, OK
72013	Arecibo Municipio, PR
31121	Merrick County, NE
29087	Holt County, MO
21153	Magoffin County, KY
56019	Johnson County, WY
40101	Muskogee County, OK
48435	Sutton County, TX
17071	Henderson County, IL
72123	Salinas Municipio, PR
48439	Tarrant County, TX
21023	Bracken County, KY
33015	Rockingham County, NH
27149	Stevens County, MN
17177	Stephenson County, IL
20075	Hamilton County, KS
20181	Sherman County, KS
40025	Cimarron County, OK
46051	Grant County, SD
40131	Rogers County, OK
08067	La Plata County, CO
20105	Lincoln County, KS
20137	Norton County, KS
48307	McCulloch County, TX
29127	Marion County, MO
21167	Mercer County, KY
29163	Pike County, MO
72137	Toa Baja Municipio, PR
28063	Jefferson County, MS
40005	Atoka County, OK
48211	Hemphill County, TX
40067	Jefferson County, OK
49017	Garfield County, UT
18127	Porter County, IN
49039	Sanpete County, UT
20051	Ellis County, KS
17203	Woodford County, IL
17087	Johnson County, IL
21225	Union County, KY
13145	Harris County, GA
55039	Fond du Lac County, WI
27143	Sibley County, MN
27059	Isanti County, MN
29013	Bates County, MO
05127	Scott County, AR
29115	Linn County, MO
48197	Hardeman County, TX
20193	Thomas County, KS
13011	Banks County, GA
16041	Franklin County, ID
28053	Humphreys County, MS
48003	Andrews County, TX
22111	Union Parish, LA
26023	Branch County, MI
21105	Hickman County, KY
39031	Coshocton County, OH
18029	Dearborn County, IN
46025	Clark County, SD
49055	Wayne County, UT
05095	Monroe County, AR
48319	Mason County, TX
22035	East Carroll Parish, LA
12099	Palm Beach County, FL
40073	Kingfisher County, OK
31147	Richardson County, NE
27081	Lincoln County, MN
28099	Neshoba County, MS
48367	Parker County, TX
21049	Clark County, KY
17199	Williamson County, IL
17179	Tazewell County, IL
48247	Jim Hogg County, TX
29003	Andrew County, MO
20049	Elk County, KS
29199	Scotland County, MO
29103	Knox County, MO
29097	Jasper County, MO
29049	Clinton County, MO
40071	Kay County, OK
26019	Benzie County, MI
31099	Kearney County, NE
31015	Boyd County, NE
13213	Murray County, GA
20171	Scott County, KS
31021	Burt County, NE
46107	Potter County, SD
55071	Manitowoc County, WI
05003	Ashley County, AR
31169	Thayer County, NE
36055	Monroe County, NY
19031	Cedar County, IA
02068	Denali Borough, AK
19107	Keokuk County, IA
29137	Monroe County, MO
29061	Daviess County, MO
26027	Cass County, MI
29129	Mercer County, MO
31083	Harlan County, NE
48059	Callahan County, TX
31143	Polk County, NE
21069	Fleming County, KY
20173	Sedgwick County, KS
21055	Crittenden County, KY
47167	Tipton County, TN
18153	Sullivan County, IN
55097	Portage County, WI
20027	Clay County, KS
48399	Runnels County, TX
19085	Harrison County, IA
29075	Gentry County, MO
19105	Jones County, IA
01089	Madison County, AL
40085	Love County, OK
40127	Pushmataha County, OK
56011	Crook County, WY
20109	Logan County, KS
49027	Millard County, UT
17065	Hamilton County, IL
55075	Marinette County, WI
20157	Republic County, KS
31127	Nemaha County, NE
28123	Scott County, MS
28011	Bolivar County, MS
48441	Taylor County, TX
28083	Leflore County, MS
53029	Island County, WA
40057	Harmon County, OK
31129	Nuckolls County, NE
40023	Choctaw County, OK
18129	Posey County, IN
49057	Weber County, UT
29063	DeKalb County, MO
17201	Winnebago County, IL
27055	Houston County, MN
29083	Henry County, MO
17007	Boone County, IL
20199	Wallace County, KS
55047	Green Lake County, WI
46049	Faulk County, SD
55045	Green County, WI
55091	Pepin County, WI
18121	Parke County, IN
20127	Morris County, KS
20095	Kingman County, KS
31035	Clay County, NE
48503	Young County, TX
46123	Tripp County, SD
46027	Clay County, SD
28107	Panola County, MS
20011	Bourbon County, KS
72073	Jayuya Municipio, PR
48195	Hansford County, TX
13093	Dooly County, GA
17069	Hardin County, IL
21159	Martin County, KY
48329	Midland County, TX
13013	Barrow County, GA
46135	Yankton County, SD
55095	Polk County, WI
19133	Monona County, IA
29015	Benton County, MO
31027	Cedar County, NE
46073	Jerauld County, SD
46121	Todd County, SD
20169	Saline County, KS
18167	Vigo County, IN
29025	Caldwell County, MO
48497	Wise County, TX
48205	Hartley County, TX
26121	Muskegon County, MI
20205	Wilson County, KS
19005	Allamakee County, IA
31095	Jefferson County, NE
40051	Grady County, OK
53027	Grays Harbor County, WA
55105	Rock County, WI
40141	Tillman County, OK
27151	Swift County, MN
40033	Cotton County, OK
27121	Pope County, MN
04003	Cochise County, AZ
31025	Cass County, NE
26159	Van Buren County, MI
17097	Lake County, IL
46059	Hand County, SD
19071	Fremont County, IA
46005	Beadle County, SD
48165	Gaines County, TX
26107	Mecosta County, MI
28133	Sunflower County, MS
29005	Atchison County, MO
49005	Cache County, UT
72105	Naranjito Municipio, PR
27171	Wright County, MN
48337	Montague County, TX
18141	St. Joseph County, IN
19125	Marion County, IA
55101	Racine County, WI
31051	Dixon County, NE
20189	Stevens County, KS
19183	Washington County, IA
55079	Milwaukee County, WI
55131	Washington County, WI
27105	Nobles County, MN
29045	Clark County, MO
12085	Martin County, FL
48077	Clay County, TX
72045	Comerío Municipio, PR
46125	Turner County, SD
51099	King George County, VA
50017	Orange County, VT
46101	Moody County, SD
48485	Wichita County, TX
19055	Delaware County, IA
27067	Kandiyohi County, MN
48227	Howard County, TX
28051	Holmes County, MS
31001	Adams County, NE
51023	Botetourt County, VA
72103	Naguabo Municipio, PR
12009	Brevard County, FL
30105	Valley County, MT
46115	Spink County, SD
20207	Woodson County, KS
40151	Woods County, OK
46083	Lincoln County, SD
17029	Coles County, IL
48115	Dawson County, TX
12057	Hillsborough County, FL
50015	Lamoille County, VT
27109	Olmsted County, MN
09013	Tolland County, CT
48155	Foard County, TX
19079	Hamilton County, IA
36121	Wyoming County, NY
48431	Sterling County, TX
12101	Pasco County, FL
38097	Traill County, ND
48275	Knox County, TX
48017	Bailey County, TX
55137	Waushara County, WI
48415	Scurry County, TX
27161	Waseca County, MN
19189	Winnebago County, IA
27101	Murray County, MN
19015	Boone County, IA
27045	Fillmore County, MN
48359	Oldham County, TX
12019	Clay County, FL
31159	Seward County, NE
06069	San Benito County, CA
38095	Towner County, ND
48057	Calhoun County, TX
27133	Rock County, MN
53045	Mason County, WA
27003	Anoka County, MN
36029	Erie County, NY
09015	Windham County, CT
51065	Fluvanna County, VA
19123	Mahaska County, IA
06031	Kings County, CA
19165	Shelby County, IA
12075	Levy County, FL
19181	Warren County, IA
19017	Bremer County, IA
19169	Story County, IA
54037	Jefferson County, WV
06053	Monterey County, CA
12081	Manatee County, FL
06017	El Dorado County, CA
48069	Castro County, TX
27127	Redwood County, MN
54003	Berkeley County, WV
28079	Leake County, MS
51145	Powhatan County, VA
20143	Ottawa County, KS
51171	Shenandoah County, VA
48191	Hall County, TX
19075	Grundy County, IA
30071	Phillips County, MT
51810	Virginia Beach city, VA
36059	Nassau County, NY
48025	Bee County, TX
19059	Dickinson County, IA
27043	Faribault County, MN
29171	Putnam County, MO
12005	Bay County, FL
48375	Potter County, TX
06039	Madera County, CA
13101	Echols County, GA
12007	Bradford County, FL
38013	Burke County, ND
48045	Briscoe County, TX
38071	Ramsey County, ND
19131	Mitchell County, IA
48437	Swisher County, TX
38101	Ward County, ND
31155	Saunders County, NE
01031	Coffee County, AL
51103	Lancaster County, VA
06105	Trinity County, CA
19009	Audubon County, IA
24041	Talbot County, MD
48157	Fort Bend County, TX
12013	Calhoun County, FL
19089	Howard County, IA
48039	Brazoria County, TX
06021	Glenn County, CA
48229	Hudspeth County, TX
48245	Jefferson County, TX
48123	DeWitt County, TX
22023	Cameron Parish, LA
12049	Hardee County, FL
13173	Lanier County, GA
12121	Suwannee County, FL
53069	Wahkiakum County, WA
36079	Putnam County, NY
30069	Petroleum County, MT
13229	Pierce County, GA
19127	Marshall County, IA
51710	Norfolk city, VA
19073	Greene County, IA
37053	Currituck County, NC
48175	Goliad County, TX
19093	Ida County, IA
23009	Hancock County, ME
51013	Arlington County, VA
34013	Essex County, NJ
39007	Ashtabula County, OH
06009	Calaveras County, CA
30065	Musselshell County, MT
51135	Nottoway County, VA
26061	Houghton County, MI
36097	Schuyler County, NY
22113	Vermilion Parish, LA
19195	Worth County, IA
30099	Teton County, MT
30107	Wheatland County, MT
35017	Grant County, NM
06011	Colusa County, CA
51111	Lunenburg County, VA
09009	New Haven County, CT
45043	Georgetown County, SC
36005	Bronx County, NY
27113	Pennington County, MN
27047	Freeborn County, MN
04025	Yavapai County, AZ
11001	District of Columbia, DC
06005	Amador County, CA
48109	Culberson County, TX
26063	Huron County, MI
32510	Carson City, NV
53061	Snohomish County, WA
31029	Chase County, NE
30013	Cascade County, MT
37031	Carteret County, NC
51113	Madison County, VA
53015	Cowlitz County, WA
54057	Mineral County, WV
33005	Cheshire County, NH
38027	Eddy County, ND
42103	Pike County, PA
45089	Williamsburg County, SC
36061	New York County, NY
13109	Evans County, GA
19063	Emmet County, IA
54079	Putnam County, WV
13029	Bryan County, GA
47129	Morgan County, TN
41037	Lake County, OR
19025	Calhoun County, IA
45067	Marion County, SC
42113	Sullivan County, PA
38057	Mercer County, ND
48089	Colorado County, TX
23003	Aroostook County, ME
36087	Rockland County, NY
22055	Lafayette Parish, LA
48495	Winkler County, TX
13003	Atkinson County, GA
01097	Mobile County, AL
22001	Acadia Parish, LA
48127	Dimmit County, TX
30097	Sweet Grass County, MT
30045	Judith Basin County, MT
28039	George County, MS
26083	Keweenaw County, MI
13049	Charlton County, GA
32021	Mineral County, NV
36089	St. Lawrence County, NY
27061	Itasca County, MN
50025	Windham County, VT
54097	Upshur County, WV
51079	Greene County, VA
48493	Wilson County, TX
37143	Perquimans County, NC
39131	Pike County, OH
24025	Harford County, MD
24011	Caroline County, MD
41007	Clatsop County, OR
30095	Stillwater County, MT
42023	Cameron County, PA
18013	Brown County, IN
37197	Yadkin County, NC
48407	San Jacinto County, TX
48323	Maverick County, TX
01027	Clay County, AL
16009	Benewah County, ID
48261	Kenedy County, TX
13043	Candler County, GA
72071	Isabela Municipio, PR
16057	Latah County, ID
26003	Alger County, MI
42131	Wyoming County, PA
54063	Monroe County, WV
18143	Scott County, IN
37145	Person County, NC
38037	Grant County, ND
23007	Franklin County, ME
22087	St. Bernard Parish, LA
41071	Yamhill County, OR
42053	Forest County, PA
38085	Sioux County, ND
48099	Coryell County, TX
17063	Grundy County, IL
12011	Broward County, FL
48301	Loving County, TX
18103	Miami County, IN
21133	Letcher County, KY
18069	Huntington County, IN
27075	Lake County, MN
51740	Portsmouth city, VA
08011	Bent County, CO
42069	Lackawanna County, PA
23015	Lincoln County, ME
54065	Morgan County, WV
12067	Lafayette County, FL
29089	Howard County, MO
22121	West Baton Rouge Parish, LA
51159	Richmond County, VA
51157	Rappahannock County, VA
39045	Fairfield County, OH
24035	Queen Anne's County, MD
37041	Chowan County, NC
36049	Lewis County, NY
48271	Kinney County, TX
21189	Owsley County, KY
13075	Cook County, GA
39103	Medina County, OH
41027	Hood River County, OR
36065	Oneida County, NY
37091	Hertford County, NC
48311	McMullen County, TX
29209	Stone County, MO
31005	Arthur County, NE
37059	Davie County, NC
54053	Mason County, WV
48001	Anderson County, TX
41021	Gilliam County, OR
28041	Greene County, MS
47175	Van Buren County, TN
39003	Allen County, OH
51183	Sussex County, VA
17009	Brown County, IL
38007	Billings County, ND
41013	Crook County, OR
48455	Trinity County, TX
45011	Barnwell County, SC
31091	Hooker County, NE
37135	Orange County, NC
21185	Oldham County, KY
26141	Presque Isle County, MI
01065	Hale County, AL
51197	Wythe County, VA
06091	Sierra County, CA
38033	Golden Valley County, ND
17175	Stark County, IL
39169	Wayne County, OH
27159	Wadena County, MN
26065	Ingham County, MI
32003	Clark County, NV
28047	Harrison County, MS
40097	Mayes County, OK
22081	Red River Parish, LA
16047	Gooding County, ID
17133	Monroe County, IL
37103	Jones County, NC
54005	Boone County, WV
46021	Campbell County, SD
47179	Washington County, TN
22091	St. Helena Parish, LA
22019	Calcasieu Parish, LA
72003	Aguada Municipio, PR
29125	Maries County, MO
21201	Robertson County, KY
54021	Gilmer County, WV
42031	Clarion County, PA
08003	Alamosa County, CO
13171	Lamar County, GA
37065	Edgecombe County, NC
48347	Nacogdoches County, TX
21089	Greenup County, KY
42073	Lawrence County, PA
13247	Rockdale County, GA
54087	Roane County, WV
18101	Martin County, IN
31113	Logan County, NE
08095	Phillips County, CO
34011	Cumberland County, NJ
20209	Wyandotte County, KS
05009	Boone County, AR
21223	Trimble County, KY
39109	Miami County, OH
34035	Somerset County, NJ
21071	Floyd County, KY
19091	Humboldt County, IA
48405	San Augustine County, TX
48365	Panola County, TX
47101	Lewis County, TN
45009	Bamberg County, SC
18183	Whitley County, IN
28097	Montgomery County, MS
16087	Washington County, ID
39051	Fulton County, OH
48465	Val Verde County, TX
13177	Lee County, GA
55007	Bayfield County, WI
42117	Tioga County, PA
05029	Conway County, AR
35001	Bernalillo County, NM
35011	De Baca County, NM
27057	Hubbard County, MN
26109	Menominee County, MI
18119	Owen County, IN
47007	Bledsoe County, TN
13005	Bacon County, GA
13265	Taliaferro County, GA
13131	Grady County, GA
47015	Cannon County, TN
30057	Madison County, MT
28025	Clay County, MS
42041	Cumberland County, PA
39023	Clark County, OH
39143	Sandusky County, OH
47185	White County, TN
35019	Guadalupe County, NM
34023	Middlesex County, NJ
22011	Beauregard Parish, LA
48273	Kleberg County, TX
42025	Carbon County, PA
16033	Clark County, ID
31075	Grant County, NE
18041	Fayette County, IN
31175	Valley County, NE
51073	Gloucester County, VA
39093	Lorain County, OH
35055	Taos County, NM
05089	Marion County, AR
28113	Pike County, MS
39019	Carroll County, OH
48403	Sabine County, TX
24015	Cecil County, MD
29179	Reynolds County, MO
48161	Freestone County, TX
21065	Estill County, KY
01017	Chambers County, AL
18027	Daviess County, IN
38047	Logan County, ND
01133	Winston County, AL
28037	Franklin County, MS
21019	Boyd County, KY
20017	Chase County, KS
29039	Cedar County, MO
37189	Watauga County, NC
26053	Gogebic County, MI
42003	Allegheny County, PA
42045	Delaware County, PA
17127	Massac County, IL
42095	Northampton County, PA
31171	Thomas County, NE
47021	Cheatham County, TN
08065	Lake County, CO
06035	Lassen County, CA
48349	Navarro County, TX
01011	Bullock County, AL
18159	Tipton County, IN
54091	Taylor County, WV
37063	Durham County, NC
26001	Alcona County, MI
72139	Trujillo Alto Municipio, PR
54015	Clay County, WV
25023	Plymouth County, MA
17109	McDonough County, IL
40115	Ottawa County, OK
42057	Fulton County, PA
42001	Adams County, PA
08091	Ouray County, CO
21117	Kenton County, KY
54019	Fayette County, WV
48315	Marion County, TX
13009	Baldwin County, GA
17089	Kane County, IL
47083	Houston County, TN
18117	Orange County, IN
28147	Walthall County, MS
72079	Lajas Municipio, PR
37075	Graham County, NC
49007	Carbon County, UT
46047	Fall River County, SD
46015	Brule County, SD
48223	Hopkins County, TX
28139	Tippah County, MS
51115	Mathews County, VA
47173	Union County, TN
54029	Hancock County, WV
16027	Canyon County, ID
40029	Coal County, OK
48209	Hays County, TX
28073	Lamar County, MS
39091	Logan County, OH
16063	Lincoln County, ID
29181	Ripley County, MO
26043	Dickinson County, MI
22003	Allen Parish, LA
46033	Custer County, SD
22063	Livingston Parish, LA
29219	Warren County, MO
16077	Power County, ID
16053	Jerome County, ID
48067	Cass County, TX
55087	Outagamie County, WI
18081	Johnson County, IN
37025	Cabarrus County, NC
27167	Wilkin County, MN
13307	Webster County, GA
16015	Boise County, ID
23023	Sagadahoc County, ME
08035	Douglas County, CO
29027	Callaway County, MO
49021	Iron County, UT
47089	Jefferson County, TN
21061	Edmonson County, KY
47099	Lawrence County, TN
39067	Harrison County, OH
19057	Des Moines County, IA
31045	Dawes County, NE
36105	Sullivan County, NY
22119	Webster Parish, LA
05079	Lincoln County, AR
28045	Hancock County, MS
29047	Clay County, MO
34019	Hunterdon County, NJ
48091	Comal County, TX
37009	Ashe County, NC
29113	Lincoln County, MO
29017	Bollinger County, MO
02070	Dillingham Census Area, AK
18015	Carroll County, IN
28115	Pontotoc County, MS
55085	Oneida County, WI
18135	Randolph County, IN
55103	Richland County, WI
56031	Platte County, WY
54069	Ohio County, WV
01067	Henry County, AL
47061	Grundy County, TN
29101	Johnson County, MO
21077	Gallatin County, KY
48277	Lamar County, TX
29119	McDonald County, MO
13017	Ben Hill County, GA
21215	Spencer County, KY
19097	Jackson County, IA
47105	Loudon County, TN
28065	Jefferson Davis County, MS
45031	Darlington County, SC
47133	Overton County, TN
08057	Jackson County, CO
21217	Taylor County, KY
37121	Mitchell County, NC
21053	Clinton County, KY
29135	Moniteau County, MO
72027	Camuy Municipio, PR
42099	Perry County, PA
18001	Adams County, IN
46081	Lawrence County, SD
29051	Cole County, MO
47121	Meigs County, TN
54105	Wirt County, WV
27065	Kanabec County, MN
28019	Choctaw County, MS
05123	St. Francis County, AR
21007	Ballard County, KY
13181	Lincoln County, GA
01063	Greene County, AL
01001	Autauga County, AL
54047	McDowell County, WV
47143	Rhea County, TN
47085	Humphreys County, TN
36017	Chenango County, NY
28023	Clarke County, MS
13155	Irwin County, GA
49011	Davis County, UT
21219	Todd County, KY
24013	Carroll County, MD
17035	Cumberland County, IL
55069	Lincoln County, WI
05051	Garland County, AR
55023	Crawford County, WI
05023	Cleburne County, AR
18161	Union County, IN
26011	Arenac County, MI
08019	Clear Creek County, CO
21137	Lincoln County, KY
37035	Catawba County, NC
31071	Garfield County, NE
29085	Hickory County, MO
48051	Burleson County, TX
08089	Otero County, CO
20159	Rice County, KS
31013	Box Butte County, NE
01103	Morgan County, AL
39115	Morgan County, OH
20087	Jefferson County, KS
29011	Barton County, MO
08115	Sedgwick County, CO
08117	Summit County, CO
21075	Fulton County, KY
72057	Guayama Municipio, PR
05111	Poinsett County, AR
01105	Perry County, AL
18147	Spencer County, IN
21213	Simpson County, KY
29221	Washington County, MO
29186	Ste. Genevieve County, MO
22061	Lincoln Parish, LA
13083	Dade County, GA
31157	Scotts Bluff County, NE
17049	Effingham County, IL
20123	Mitchell County, KS
21035	Calloway County, KY
56025	Natrona County, WY
27019	Carver County, MN
48103	Crane County, TX
13067	Cobb County, GA
29205	Shelby County, MO
20195	Trego County, KS
08105	Rio Grande County, CO
26069	Iosco County, MI
28001	Adams County, MS
29155	Pemiscot County, MO
05071	Johnson County, AR
48097	Cooke County, TX
28137	Tate County, MS
40053	Grant County, OK
05125	Saline County, AR
39117	Morrow County, OH
18011	Boone County, IN
37165	Scotland County, NC
05013	Calhoun County, AR
04017	Navajo County, AZ
29123	Madison County, MO
18091	LaPorte County, IN
46061	Hanson County, SD
13117	Forsyth County, GA
42063	Indiana County, PA
21143	Lyon County, KY
39175	Wyandot County, OH
46007	Bennett County, SD
46075	Jones County, SD
45017	Calhoun County, SC
20079	Harvey County, KS
21229	Washington County, KY
28015	Carroll County, MS
17083	Jersey County, IL
28009	Benton County, MS
22049	Jackson Parish, LA
49009	Daggett County, UT
37017	Bladen County, NC
05021	Clay County, AR
72065	Hatillo Municipio, PR
47003	Bedford County, TN
08119	Teller County, CO
45081	Saluda County, SC
31145	Red Willow County, NE
16001	Ada County, ID
47063	Hamblen County, TN
31125	Nance County, NE
72023	Cabo Rojo Municipio, PR
46119	Sully County, SD
40117	Pawnee County, OK
48093	Comanche County, TX
20023	Cheyenne County, KS
13053	Chattahoochee County, GA
55065	Lafayette County, WI
06059	Orange County, CA
20077	Harper County, KS
48145	Falls County, TX
23005	Cumberland County, ME
40119	Payne County, OK
21107	Hopkins County, KY
13021	Bibb County, GA
72055	Guánica Municipio, PR
35009	Curry County, NM
19139	Muscatine County, IA
22041	Franklin Parish, LA
17103	Lee County, IL
40095	Marshall County, OK
37043	Clay County, NC
13059	Clarke County, GA
31049	Deuel County, NE
13227	Pickens County, GA
46091	Marshall County, SD
18125	Pike County, IN
39135	Preble County, OH
16007	Bear Lake County, ID
42013	Blair County, PA
21039	Carlisle County, KY
31163	Sherman County, NE
49029	Morgan County, UT
48021	Bastrop County, TX
47087	Jackson County, TN
28033	DeSoto County, MS
37199	Yancey County, NC
46035	Davison County, SD
01015	Calhoun County, AL
42087	Mifflin County, PA
31087	Hitchcock County, NE
29201	Scott County, MO
05055	Greene County, AR
20165	Rush County, KS
40105	Nowata County, OK
13215	Muscogee County, GA
05037	Cross County, AR
48063	Camp County, TX
48333	Mills County, TX
13089	DeKalb County, GA
55109	St. Croix County, WI
47077	Henderson County, TN
37093	Hoke County, NC
31105	Kimball County, NE
47095	Lake County, TN
17075	Iroquois County, IL
20129	Morton County, KS
48299	Llano County, TX
17187	Warren County, IL
13187	Lumpkin County, GA
35021	Harding County, NM
48221	Hood County, TX
46017	Buffalo County, SD
18045	Fountain County, IN
18063	Hendricks County, IN
12071	Lee County, FL
08025	Crowley County, CO
21113	Jessamine County, KY
08033	Dolores County, CO
13281	Towns County, GA
21115	Johnson County, KY
47023	Chester County, TN
29173	Ralls County, MO
20069	Gray County, KS
13073	Columbia County, GA
08017	Cheyenne County, CO
46057	Hamlin County, SD
20061	Geary County, KS
47067	Hancock County, TN
05047	Franklin County, AR
48111	Dallam County, TX
05011	Bradley County, AR
13311	White County, GA
13063	Clayton County, GA
27165	Watonwan County, MN
48427	Starr County, TX
16005	Bannock County, ID
13119	Franklin County, GA
45021	Cherokee County, SC
21087	Green County, KY
55121	Trempealeau County, WI
21091	Hancock County, KY
21163	Meade County, KY
17145	Perry County, IL
20179	Sheridan County, KS
13147	Hart County, GA
25025	Suffolk County, MA
31017	Brown County, NE
31079	Hall County, NE
42059	Greene County, PA
56033	Sheridan County, WY
05077	Lee County, AR
05065	Izard County, AR
13123	Gilmer County, GA
31097	Johnson County, NE
02020	Anchorage Municipality, AK
27103	Nicollet County, MN
46029	Codington County, SD
20175	Seward County, KS
28161	Yalobusha County, MS
47033	Crockett County, TN
02180	Nome Census Area, AK
48429	Stephens County, TX
26139	Ottawa County, MI
46097	Miner County, SD
55055	Jefferson County, WI
31149	Rock County, NE
01075	Lamar County, AL
02270	Wade Hampton Census Area, AK
40153	Woodward County, OK
08113	San Miguel County, CO
22065	Madison Parish, LA
27085	McLeod County, MN
28021	Claiborne County, MS
39139	Richland County, OH
41015	Curry County, OR
48501	Yoakum County, TX
55061	Kewaunee County, WI
20013	Brown County, KS
20033	Comanche County, KS
72089	Luquillo Municipio, PR
27083	Lyon County, MN
48369	Parmer County, TX
48295	Lipscomb County, TX
18171	Warren County, IN
17139	Moultrie County, IL
29227	Worth County, MO
01057	Fayette County, AL
27023	Chippewa County, MN
13235	Pulaski County, GA
06037	Los Angeles County, CA
25009	Essex County, MA
72061	Guaynabo Municipio, PR
20019	Chautauqua County, KS
48357	Ochiltree County, TX
05117	Prairie County, AR
29211	Sullivan County, MO
31037	Colfax County, NE
72059	Guayanilla Municipio, PR
49023	Juab County, UT
27093	Meeker County, MN
33007	Coos County, NH
72054	Florida Municipio, PR
48075	Childress County, TX
72033	Cataño Municipio, PR
41029	Jackson County, OR
31177	Washington County, NE
18111	Newton County, IN
48233	Hutchinson County, TX
46045	Edmunds County, SD
44001	Bristol County, RI
48081	Coke County, TX
46053	Gregory County, SD
55059	Kenosha County, WI
06081	San Mateo County, CA
02188	Northwest Arctic Borough, AK
31153	Sarpy County, NE
06015	Del Norte County, CA
48355	Nueces County, TX
06025	Imperial County, CA
50009	Essex County, VT
31055	Douglas County, NE
27157	Wabasha County, MN
12045	Gulf County, FL
30051	Liberty County, MT
47097	Lauderdale County, TN
33001	Belknap County, NH
30053	Lincoln County, MT
36019	Clinton County, NY
12017	Citrus County, FL
29197	Schuyler County, MO
13191	McIntosh County, GA
12031	Duval County, FL
44005	Newport County, RI
35023	Hidalgo County, NM
38075	Renville County, ND
55011	Buffalo County, WI
09007	Middlesex County, CT
19149	Plymouth County, IA
12109	St. Johns County, FL
45053	Jasper County, SC
50011	Franklin County, VT
51510	Alexandria city, VA
44009	Washington County, RI
53051	Pend Oreille County, WA
04027	Yuma County, AZ
06023	Humboldt County, CA
06079	San Luis Obispo County, CA
27147	Steele County, MN
48043	Brewster County, TX
53067	Thurston County, WA
25007	Dukes County, MA
16055	Kootenai County, ID
02110	Juneau City and Borough, AK
24045	Wicomico County, MD
51091	Highland County, VA
53065	Stevens County, WA
36117	Wayne County, NY
12061	Indian River County, FL
06075	San Francisco County, CA
48007	Aransas County, TX
02090	Fairbanks North Star Borough, AK
27039	Dodge County, MN
30091	Sheridan County, MT
26163	Wayne County, MI
06087	Santa Cruz County, CA
38009	Bottineau County, ND
35029	Luna County, NM
30021	Dawson County, MT
38067	Pembina County, ND
06041	Marin County, CA
42049	Erie County, PA
26151	Sanilac County, MI
30005	Blaine County, MT
50019	Orleans County, VT
38019	Cavalier County, ND
06055	Napa County, CA
12091	Okaloosa County, FL
12125	Union County, FL
12133	Washington County, FL
53049	Pacific County, WA
13039	Camden County, GA
12129	Wakulla County, FL
38011	Bowman County, ND
48321	Matagorda County, TX
37019	Brunswick County, NC
45019	Charleston County, SC
36033	Franklin County, NY
53001	Adams County, WA
06057	Nevada County, CA
12059	Holmes County, FL
45035	Dorchester County, SC
26099	Macomb County, MI
24047	Worcester County, MD
12117	Seminole County, FL
13051	Chatham County, GA
41041	Lincoln County, OR
12029	Dixie County, FL
38065	Oliver County, ND
13127	Glynn County, GA
35013	Do±a Ana County, NM
12123	Taylor County, FL
06107	Tulare County, CA
13183	Long County, GA
02130	Ketchikan Gateway Borough, AK
04021	Pinal County, AZ
53003	Asotin County, WA
50021	Rutland County, VT
36013	Chautauqua County, NY
02220	Sitka City and Borough, AK
26095	Luce County, MI
48071	Chambers County, TX
06043	Mariposa County, CA
27135	Roseau County, MN
36047	Kings County, NY
22071	Orleans Parish, LA
36035	Fulton County, NY
36045	Jefferson County, NY
01035	Conecuh County, AL
37079	Greene County, NC
21121	Knox County, KY
36067	Onondaga County, NY
35061	Valencia County, NM
40133	Seminole County, OK
51051	Dickenson County, VA
12089	Nassau County, FL
26115	Monroe County, MI
28059	Jackson County, MS
37133	Onslow County, NC
13209	Montgomery County, GA
36093	Schenectady County, NY
37139	Pasquotank County, NC
16081	Teton County, ID
41061	Union County, OR
23029	Washington County, ME
53011	Clark County, WA
51730	Petersburg city, VA
25015	Hampshire County, MA
32009	Esmeralda County, NV
48443	Terrell County, TX
27071	Koochiching County, MN
54093	Tucker County, WV
53023	Garfield County, WA
17047	Edwards County, IL
30007	Broadwater County, MT
36113	Warren County, NY
37005	Alleghany County, NC
49053	Washington County, UT
22101	St. Mary Parish, LA
38041	Hettinger County, ND
27031	Cook County, MN
54073	Pleasants County, WV
34009	Cape May County, NJ
72087	Loíza Municipio, PR
36123	Yates County, NY
48183	Gregg County, TX
34033	Salem County, NJ
16067	Minidoka County, ID
16065	Madison County, ID
41003	Benton County, OR
17101	Lawrence County, IL
53017	Douglas County, WA
17005	Bond County, IL
42075	Lebanon County, PA
27017	Carlton County, MN
48397	Rockwall County, TX
38031	Foster County, ND
54045	Logan County, WV
25001	Barnstable County, MA
13165	Jenkins County, GA
17129	Menard County, IL
51101	King William County, VA
16075	Payette County, ID
02013	Aleutians East Borough, AK
32027	Pershing County, NV
26007	Alpena County, MI
12086	Miami-Dade County, FL
13143	Haralson County, GA
34007	Camden County, NJ
35031	McKinley County, NM
30061	Mineral County, MT
45061	Lee County, SC
48489	Willacy County, TX
17043	DuPage County, IL
40055	Greer County, OK
72069	Humacao Municipio, PR
37137	Pamlico County, NC
40099	Murray County, OK
39123	Ottawa County, OH
72005	Aguadilla Municipio, PR
17021	Christian County, IL
13239	Quitman County, GA
13225	Peach County, GA
22093	St. James Parish, LA
08027	Custer County, CO
23013	Knox County, ME
48457	Tyler County, TX
18009	Blackford County, IN
16025	Camas County, ID
53071	Walla Walla County, WA
18043	Floyd County, IN
31073	Gosper County, NE
13149	Heard County, GA
29229	Wright County, MO
13201	Miller County, GA
55037	Florence County, WI
37181	Vance County, NC
27087	Mahnomen County, MN
48425	Somervell County, TX
48379	Rains County, TX
54009	Brooke County, WV
55081	Monroe County, WI
55051	Iron County, WI
30039	Granite County, MT
54049	Marion County, WV
21131	Leslie County, KY
13125	Glascock County, GA
05133	Sevier County, AR
37071	Gaston County, NC
37149	Polk County, NC
30093	Silver Bow County, MT
22043	Grant Parish, LA
48385	Real County, TX
40149	Washita County, OK
42109	Snyder County, PA
17039	De Witt County, IL
39125	Paulding County, OH
13097	Douglas County, GA
72115	Quebradillas Municipio, PR
49031	Piute County, UT
02282	Yakutat City and Borough, AK
05143	Washington County, AR
48449	Titus County, TX
13231	Pike County, GA
56035	Sublette County, WY
08014	Broomfield County, CO
47127	Moore County, TN
47109	McNairy County, TN
13257	Stephens County, GA
23021	Piscataquis County, ME
18115	Ohio County, IN
01033	Colbert County, AL
20101	Lane County, KS
45077	Pickens County, SC
46065	Hughes County, SD
08079	Mineral County, CO
28125	Sharkey County, MS
08103	Rio Blanco County, CO
27009	Benton County, MN
39043	Erie County, OH
13249	Schley County, GA
49051	Wasatch County, UT
45023	Chester County, SC
22089	St. Charles Parish, LA
47169	Trousdale County, TN
19163	Scott County, IA
22123	West Carroll Parish, LA
21063	Elliott County, KY
08039	Elbert County, CO
40077	Latimer County, OK
21037	Campbell County, KY
27035	Crow Wing County, MN
37003	Alexander County, NC
13113	Fayette County, GA
72067	Hormigueros Municipio, PR
46009	Bon Homme County, SD
08047	Gilpin County, CO
32011	Eureka County, NV
72117	Rincón Municipio, PR
13055	Chattooga County, GA
18163	Vanderburgh County, IN
56041	Uinta County, WY
21029	Bullitt County, KY
46043	Douglas County, SD
28119	Quitman County, MS
08087	Morgan County, CO
40027	Cleveland County, OK
55077	Marquette County, WI
31043	Dakota County, NE
72017	Barceloneta Municipio, PR
48235	Irion County, TX
27123	Ramsey County, MN
72051	Dorado Municipio, PR
53073	Whatcom County, WA
02060	Bristol Bay Borough, AK
72111	Peñuelas Municipio, PR
72145	Vega Baja Municipio, PR
06073	San Diego County, CA
48505	Zapata County, TX
50013	Grand Isle County, VT
12115	Sarasota County, FL
12037	Franklin County, FL
30101	Toole County, MT
16021	Boundary County, ID
06111	Ventura County, CA
39085	Lake County, OH
48377	Presidio County, TX
26147	St. Clair County, MI
32029	Storey County, NV
72133	Santa Isabel Municipio, PR
36073	Orleans County, NY
72053	Fajardo Municipio, PR
51680	Lynchburg city, VA
12033	Escambia County, FL
37055	Dare County, NC
12053	Hernando County, FL
12113	Santa Rosa County, FL
02150	Kodiak Island Borough, AK
72149	Villalba Municipio, PR
38079	Rolette County, ND
12035	Flagler County, FL
12111	St. Lucie County, FL
36063	Niagara County, NY
38023	Divide County, ND
53019	Ferry County, WA
45013	Beaufort County, SC
48167	Galveston County, TX
27069	Kittson County, MN
06083	Santa Barbara County, CA
22075	Plaquemines Parish, LA
30035	Glacier County, MT
02185	North Slope Borough, AK
30019	Daniels County, MT
30041	Hill County, MT
29510	St. Louis city, MO
51735	Poquoson city, VA
26047	Emmet County, MI
26013	Baraga County, MI
22109	Terrebonne Parish, LA
16061	Lewis County, ID
48141	El Paso County, TX
41055	Sherman County, OR
30103	Treasure County, MT
17155	Putnam County, IL
27077	Lake of the Woods County, MN
37105	Lee County, NC
17171	Scott County, IL
55078	Menominee County, WI
26033	Chippewa County, MI
42093	Montour County, PA
30047	Lake County, MT
08029	Delta County, CO
56017	Hot Springs County, WY
34029	Ocean County, NJ
35028	Los Alamos County, NM
08031	Denver County, CO
48061	Cameron County, TX
13047	Catoosa County, GA
12087	Monroe County, FL
02230	Skagway Municipality, AK
51775	Salem city, VA
02016	Aleutians West Census Area, AK
72015	Arroyo Municipio, PR
51770	Roanoke city, VA
72095	Maunabo Municipio, PR
51610	Falls Church city, VA
04023	Santa Cruz County, AZ
51685	Manassas Park city, VA
53009	Clallam County, WA
51750	Radford city, VA
41011	Coos County, OR
51683	Manassas city, VA
12103	Pinellas County, FL
51620	Franklin city, VA
51760	Richmond city, VA
51670	Hopewell city, VA
24510	Baltimore city, MD
51630	Fredericksburg city, VA
27125	Red Lake County, MN
51570	Colonial Heights city, VA
37129	New Hanover County, NC
51590	Danville city, VA
72147	Vieques Municipio, PR
51640	Galax city, VA
72049	Culebra Municipio, PR
51830	Williamsburg city, VA
25019	Nantucket County, MA
51520	Bristol city, VA
51690	Martinsville city, VA
51580	Covington city, VA
51660	Harrisonburg city, VA
51540	Charlottesville city, VA
51595	Emporia city, VA
51820	Waynesboro city, VA
51790	Staunton city, VA
51720	Norton city, VA
51600	Fairfax city, VA
51840	Winchester city, VA
51678	Lexington city, VA
51530	Buena Vista city, VA
51515	Bedford city, VA